prefix,sample_id,species,latitude,longitude,location,region,DNA source,data_type,mapper,reference,layer_cm,layer_years,Kraken,period
79051_ID2350_36-DL12_S4_L001,DL12,longispina,47.61306,9.395358,LC,EU,clone,pe,bbmap,HiC,,,pass,June_2021
79052_ID2350_35-DL10_S5_L001,DL10,longispina,47.61306,9.395358,LC,EU,clone,pe,bbmap,HiC,,,pass,June_2021
79053_ID2350_21-DL40_S6_L001,DL40,longispina,47.61306,9.395358,LC,EU,clone,pe,bbmap,HiC,,,pass,June_2021
79054_ID2350_25-DL22_S7_L001,DL22,longispina,47.61306,9.395358,LC,EU,clone,pe,bbmap,HiC,,,pass,June_2021
79055_ID2350_30-DL20_S8_L001,DL20,longispina,47.61306,9.395358,LC,EU,clone,pe,bbmap,HiC,,,pass,June_2021
79056_ID2350_14-DL6_S9_L001,DL6,longispina,47.61306,9.395358,LC,EU,clone,pe,bbmap,HiC,,,pass,June_2021
79057_ID2350_12-DL35_S10_L001,DL35,longispina,47.61306,9.395358,LC,EU,clone,pe,bbmap,HiC,,,pass,June_2021
79058_ID2350_34-DC24_S11_L001,DC24,cucullata,47.61306,9.395358,LC,EU,clone,pe,bbmap,HiC,,,pass,June_2021
79059_ID2350_31-DC8_S12_L001,DC8,cucullata,47.61306,9.395358,LC,EU,clone,pe,bbmap,HiC,,,pass,June_2021
79060_ID2350_24-DC21_S13_L001,DC21,cucullata,47.61306,9.395358,LC,EU,clone,pe,bbmap,HiC,,,pass,June_2021
79061_ID2350_2-DC15_S14_L001,DC15,cucullata,47.61306,9.395358,LC,EU,clone,pe,bbmap,HiC,,,pass,June_2021
79062_ID2350_33-M6dl_S15_L001,M6dl,longispina,47.61306,9.395358,LC,EU,clone,pe,bbmap,HiC,,,pass,March_2021
79063_ID2350_26-M9dl_S16_L001,M9dl,longispina,47.61306,9.395358,LC,EU,clone,pe,bbmap,HiC,,,pass,March_2021
79064_ID2350_3-M7dl_S17_L001,M7dl,longispina,47.61306,9.395358,LC,EU,clone,pe,bbmap,HiC,,,pass,March_2021
79065_ID2350_17-M13dl_S18_L001,M13dl,longispina,47.61306,9.395358,LC,EU,clone,pe,bbmap,HiC,,,pass,March_2021
79066_ID2350_29-M3dl_S19_L001,M3dl,longispina,47.61306,9.395358,LC,EU,clone,pe,bbmap,HiC,,,pass,March_2021
79067_ID2350_11-M2dl_S20_L001,M2dl,longispina,47.61306,9.395358,LC,EU,clone,pe,bbmap,HiC,,,pass,March_2021
79068_ID2350_1-M16dl_S21_L001,M16dl,longispina,47.61306,9.395358,LC,EU,clone,pe,bbmap,HiC,,,pass,March_2021
79069_ID2350_5-M20dl_S22_L001,M20dl,longispina,47.61306,9.395358,LC,EU,clone,pe,bbmap,HiC,,,pass,March_2021
79070_ID2350_9-M15dl_S23_L001,M15dl,longispina,47.61306,9.395358,LC,EU,clone,pe,bbmap,HiC,,,pass,March_2021
79071_ID2350_8-M12dl_S24_L001,M12dl,longispina,47.61306,9.395358,LC,EU,clone,pe,bbmap,HiC,,,pass,March_2021
79072_ID2350_16-DL3_S25_L001,DL3,longispina,47.61306,9.395358,LC,EU,clone,pe,bbmap,HiC,,,pass,June_2021
79073_ID2350_15-DL16_S26_L001,DL16,longispina,47.61306,9.395358,LC,EU,clone,pe,bbmap,HiC,,,pass,June_2021
79074_ID2350_32-DL19_S27_L001,DL19,longispina,47.61306,9.395358,LC,EU,clone,pe,bbmap,HiC,,,pass,June_2021
79075_ID2350_18-DL26_S28_L001,DL26,longispina,47.61306,9.395358,LC,EU,clone,pe,bbmap,HiC,,,pass,June_2021
79076_ID2350_23-DL18_S29_L001,DL18,longispina,47.61306,9.395358,LC,EU,clone,pe,bbmap,HiC,,,pass,June_2021
79077_ID2350_13-DL31_S30_L001,DL31,longispina,47.61306,9.395358,LC,EU,clone,pe,bbmap,HiC,,,pass,June_2021
79078_ID2350_10-DL17_S31_L001,DL17,longispina,47.61306,9.395358,LC,EU,clone,pe,bbmap,HiC,,,pass,June_2021
79079_ID2350_4-DL7_S32_L001,DL7,longispina,47.61306,9.395358,LC,EU,clone,pe,bbmap,HiC,,,pass,June_2021
79080_ID2350_7-DL2_S33_L001,DL2,longispina,47.61306,9.395358,LC,EU,clone,pe,bbmap,HiC,,,pass,June_2021
79081_ID2350_22-DC29_S34_L001,DC29,cucullata,47.61306,9.395358,LC,EU,clone,pe,bbmap,HiC,,,pass,June_2021
79082_ID2350_20-DC13_S35_L001,DC13,cucullata,47.61306,9.395358,LC,EU,clone,pe,bbmap,HiC,,,pass,June_2021
79083_ID2350_28-DC36_S36_L001,DC36,cucullata,47.61306,9.395358,LC,EU,clone,pe,bbmap,HiC,,,pass,June_2021
79084_ID2350_19-DC14_S37_L001,DC14,cucullata,47.61306,9.395358,LC,EU,clone,pe,bbmap,HiC,,,pass,June_2021
79085_ID2350_6-M19dl_S38_L001,M19dl,longispina,47.61306,9.395358,LC,EU,clone,pe,bbmap,HiC,,,pass,March_2021
79086_ID2350_27-DL4_S39_L001,DL4,longispina,47.61306,9.395358,LC,EU,clone,pe,bbmap,HiC,,,pass,June_2021
79531_ID2376_1-00175_S146_L004,175,hatchling,47.61306,9.395358,LC,EU,hatchling,pe,bbmap,HiC,7,2005,pass,POST
79532_ID2376_2-00177_S147_L004,177,hatchling,47.61306,9.395358,LC,EU,hatchling,pe,bbmap,HiC,7,2005,pass,POST
79533_ID2376_3-00184_S148_L004,184,hatchling,47.61306,9.395358,LC,EU,hatchling,pe,bbmap,HiC,8,2003,pass,EUTROPH
79534_ID2376_4-00187_S149_L004,187,hatchling,47.61306,9.395358,LC,EU,hatchling,pe,bbmap,HiC,8,2003,pass,EUTROPH
79535_ID2376_5-00194_S150_L004,194,hatchling,47.61306,9.395358,LC,EU,hatchling,pe,bbmap,HiC,9,2001,pass,EUTROPH
79536_ID2376_6-00242_S151_L004,242,hatchling,47.61306,9.395358,LC,EU,hatchling,pe,bbmap,HiC,4,2012,pass,POST
79537_ID2376_7-00254_S152_L004,254,hatchling,47.61306,9.395358,LC,EU,hatchling,pe,bbmap,HiC,5,2010,pass,POST
79538_ID2376_8-01124_S153_L004,1124,hatchling,47.61306,9.395358,LC,EU,hatchling,pe,bbmap,HiC,12,1994,pass,EUTROPH
79539_ID2376_9-01139_S154_L004,1139,hatchling,47.61306,9.395358,LC,EU,hatchling,pe,bbmap,HiC,13,1992,pass,EUTROPH
79540_ID2376_10-01173_S155_L004,1173,hatchling,47.61306,9.395358,LC,EU,hatchling,pe,bbmap,HiC,17,1982,pass,EUTROPH
79541_ID2376_11-01174_S156_L004,1174,hatchling,47.61306,9.395358,LC,EU,hatchling,pe,bbmap,HiC,17,1982,pass,EUTROPH
79542_ID2376_12-01175_S157_L004,1175,hatchling,47.61306,9.395358,LC,EU,hatchling,pe,bbmap,HiC,17,1982,pass,EUTROPH
79543_ID2376_13-01179_S158_L004,1179,hatchling,47.61306,9.395358,LC,EU,hatchling,pe,bbmap,HiC,17,1982,pass,EUTROPH
79544_ID2376_14-02710_S159_L004,2710,hatchling,47.61306,9.395358,LC,EU,hatchling,pe,bbmap,HiC,7,2005,pass,POST
79545_ID2376_15-02812_S160_L004,2812,hatchling,47.61306,9.395358,LC,EU,hatchling,pe,bbmap,HiC,8,2003,pass,EUTROPH
79546_ID2376_16-11412_S161_L004,11412,hatchling,47.61306,9.395358,LC,EU,hatchling,pe,bbmap,HiC,14,1989,pass,EUTROPH
79547_ID2376_17-11513_S162_L004,11513,hatchling,47.61306,9.395358,LC,EU,hatchling,pe,bbmap,HiC,15,1987,pass,EUTROPH
79548_ID2376_18-11515_S163_L004,11515,hatchling,47.61306,9.395358,LC,EU,hatchling,pe,bbmap,HiC,15,1987,pass,EUTROPH
79549_ID2376_19-21010_S164_L004,21010,hatchling,47.61306,9.395358,LC,EU,hatchling,pe,bbmap,HiC,10,1995,pass,EUTROPH
79550_ID2376_20-21315_S165_L004,21315,hatchling,47.61306,9.395358,LC,EU,hatchling,pe,bbmap,HiC,13,1992,pass,EUTROPH
79551_ID2376_21-21511_S208_L004,21511,hatchling,47.61306,9.395358,LC,EU,hatchling,pe,bbmap,HiC,15,1987,pass,EUTROPH
79552_ID2376_22-1204a_S167_L004,1204a,hatchling,47.61306,9.395358,LC,EU,hatchling,pe,bbmap,HiC,2,2015,pass,POST
54058_ID1725_2-B-9S_S1_L001,B-9S,eggs,47.61306,9.395358,LC,EU,egg,pe,bbmap,HiC,29-30,1954-1956,pass,PRE
54059_ID1725_10-B-31A_S2_L001,B-31A,eggs,47.61306,9.395358,LC,EU,egg,pe,bbmap,HiC,0-1,2015-2017,pass,POST
54060_ID1725_11-B-32S_S3_L001,B-32S,eggs,47.61306,9.395358,LC,EU,egg,pe,bbmap,HiC,1-2,2013-2015,pass,POST
54061_ID1725_14-B-35S_S4_L001,B-35S,eggs,47.61306,9.395358,LC,EU,egg,pe,bbmap,HiC,3-4,2007-2009,pass,POST
54062_ID1725_27-B-53S_S5_L001,B-53S,eggs,47.61306,9.395358,LC,EU,egg,pe,bbmap,HiC,1-2,2013-2015,pass,POST
54063_ID1725_38-B-68S_S6_L001,B-68S,eggs,47.61306,9.395358,LC,EU,egg,pe,bbmap,HiC,1-2,2013-2015,pass,POST
54064_ID1725_41-B-75S_S7_L001,B-75S,eggs,47.61306,9.395358,LC,EU,egg,pe,bbmap,HiC,35-36,1931-1934,pass,PRE
54066_ID1725_45-B-86B_S9_L001,B-86B,eggs,47.61306,9.395358,LC,EU,egg,pe,bbmap,HiC,33-34,1936-1941,pass,PRE
54067_ID1725_48-B-91S_S10_L001,B-91S,eggs,47.61306,9.395358,LC,EU,egg,pe,bbmap,HiC,38-39,1923-1925,pass,PRE
54068_ID1725_49-B-93S_S11_L001,B-93S,eggs,47.61306,9.395358,LC,EU,egg,pe,bbmap,HiC,38-39,1923-1925,pass,PRE
54076_ID1725_1-B-6S_S19_L001,B-6S,eggs,47.61306,9.395358,LC,EU,egg,pe,bbmap,HiC,31-32,1944-1949,pass,PRE
54077_ID1725_3-B-10S_S20_L001,B-10S,eggs,47.61306,9.395358,LC,EU,egg,pe,bbmap,HiC,29-30,1954-1956,pass,PRE
54078_ID1725_4-B-11S_S21_L001,B-11S,eggs,47.61306,9.395358,LC,EU,egg,pe,bbmap,HiC,29-30,1954-1956,pass,PRE
54079_ID1725_5-B-20S_S22_L001,B-20S,eggs,47.61306,9.395358,LC,EU,egg,pe,bbmap,HiC,28-29,1956-1959,pass,PRE
54080_ID1725_6-B-24S_S23_L001,B-24S,eggs,47.61306,9.395358,LC,EU,egg,pe,bbmap,HiC,28-29,1956-1959,pass,PRE
54081_ID1725_7-B-28S_S24_L001,B-28S,eggs,47.61306,9.395358,LC,EU,egg,pe,bbmap,HiC,28-29,1956-1959,pass,PRE
54082_ID1725_8-B-29S_S25_L001,B-29S,eggs,47.61306,9.395358,LC,EU,egg,pe,bbmap,HiC,28-29,1956-1959,pass,PRE
54083_ID1725_9-B-30S_S26_L001,B-30S,eggs,47.61306,9.395358,LC,EU,egg,pe,bbmap,HiC,28-29,1956-1959,pass,PRE
54084_ID1725_12-B-33S_S27_L001,B-33S,eggs,47.61306,9.395358,LC,EU,egg,pe,bbmap,HiC,2-3,2009-2013,pass,POST
54085_ID1725_15-B-36B_S28_L001,B-36B,eggs,47.61306,9.395358,LC,EU,egg,pe,bbmap,HiC,4-5,2005-2007,pass,POST
54086_ID1725_16-B-37S_S29_L001,B-37S,eggs,47.61306,9.395358,LC,EU,egg,pe,bbmap,HiC,4-5,2005-2007,pass,POST
54087_ID1725_24-B-48S_S30_L001,B-48S,eggs,47.61306,9.395358,LC,EU,egg,pe,bbmap,HiC,0-1,2015-2017,pass,POST
54088_ID1725_26-B-51S_S31_L001,B-51S,eggs,47.61306,9.395358,LC,EU,egg,pe,bbmap,HiC,0-1,2015-2017,pass,POST
54091_ID1725_46-B-87S_S34_L001,B-87S,eggs,47.61306,9.395358,LC,EU,egg,pe,bbmap,HiC,30-31,1949-1954,pass,PRE
54092_ID1725_47-B-88A_S35_L001,B-88A,eggs,47.61306,9.395358,LC,EU,egg,pe,bbmap,HiC,34-35,1934-1936,pass,PRE
54095_ID1725_59-B-129S_S38_L001,B-129S,eggs,47.61306,9.395358,LC,EU,egg,pe,bbmap,HiC,30-31,1949-1954,pass,PRE
54096_ID1725_60-B-130S_S39_L001,B-130S,eggs,47.61306,9.395358,LC,EU,egg,pe,bbmap,HiC,29-30,1954-1956,pass,PRE
54098_ID1725_17-B-39S_S41_L001,B-39S,eggs,47.61306,9.395358,LC,EU,egg,pe,bbmap,HiC,4-5,2005-2007,pass,POST
54099_ID1725_18-B-40S_S42_L001,B-40S,eggs,47.61306,9.395358,LC,EU,egg,pe,bbmap,HiC,4-5,2005-2007,pass,POST
54100_ID1725_19-B-41S_S43_L001,B-41S,eggs,47.61306,9.395358,LC,EU,egg,pe,bbmap,HiC,4-5,2005-2007,pass,POST
54101_ID1725_20-B-42S_S44_L001,B-42S,eggs,47.61306,9.395358,LC,EU,egg,pe,bbmap,HiC,4-5,2005-2007,pass,POST
54102_ID1725_21-B-44A_S45_L001,B-44A,eggs,47.61306,9.395358,LC,EU,egg,pe,bbmap,HiC,4-5,2005-2007,pass,POST
54103_ID1725_22-B-45B_S46_L001,B-45B,eggs,47.61306,9.395358,LC,EU,egg,pe,bbmap,HiC,4-5,2005-2007,pass,POST
54104_ID1725_23-B-47S_S47_L001,B-47S,eggs,47.61306,9.395358,LC,EU,egg,pe,bbmap,HiC,0-1,2015-2017,pass,POST
54105_ID1725_25-B-49A_S48_L001,B-49A,eggs,47.61306,9.395358,LC,EU,egg,pe,bbmap,HiC,0-1,2015-2017,pass,POST
54106_ID1725_28-B-55S_S49_L001,B-55S,eggs,47.61306,9.395358,LC,EU,egg,pe,bbmap,HiC,3-4,2007-2009,pass,POST
54107_ID1725_29-B-56S_S50_L001,B-56S,eggs,47.61306,9.395358,LC,EU,egg,pe,bbmap,HiC,3-4,2007-2009,pass,POST
54108_ID1725_30-B-57B_S51_L001,B-57B,eggs,47.61306,9.395358,LC,EU,egg,pe,bbmap,HiC,3-4,2007-2009,pass,POST
54109_ID1725_31-B-58A_S52_L001,B-58A,eggs,47.61306,9.395358,LC,EU,egg,pe,bbmap,HiC,4-5,2005-2007,pass,POST
54110_ID1725_32-B-60B_S53_L001,B-60B,eggs,47.61306,9.395358,LC,EU,egg,pe,bbmap,HiC,4-5,2005-2007,pass,POST
54111_ID1725_33-B-61S_S54_L001,B-61S,eggs,47.61306,9.395358,LC,EU,egg,pe,bbmap,HiC,4-5,2005-2007,pass,POST
54112_ID1725_34-B-62A_S55_L001,B-62A,eggs,47.61306,9.395358,LC,EU,egg,pe,bbmap,HiC,0-1,2015-2017,pass,POST
54113_ID1725_35-B-64S_S56_L001,B-64S,eggs,47.61306,9.395358,LC,EU,egg,pe,bbmap,HiC,4-5,2005-2007,pass,POST
54114_ID1725_36-B-65S_S57_L001,B-65S,eggs,47.61306,9.395358,LC,EU,egg,pe,bbmap,HiC,3-4,2007-2009,pass,POST
54115_ID1725_37-B-66S_S58_L001,B-66S,eggs,47.61306,9.395358,LC,EU,egg,pe,bbmap,HiC,3-4,2007-2009,pass,POST
54117_ID1725_44-B-81S_S60_L001,B-81S,eggs,47.61306,9.395358,LC,EU,egg,pe,bbmap,HiC,34-35,1934-1936,pass,PRE
70306_ID2138_2_BO17_258_S_S108_L001,BO17_258S,eggs,47.61306,9.395358,LC,EU,egg,pe,bbmap,HiC,22-23,1972-1973,pass,EUTROPH
70307_ID2138_3_BO17_263_S_S109_L001,BO17_263S,eggs,47.61306,9.395358,LC,EU,egg,pe,bbmap,HiC,21-22,1973-1974,pass,EUTROPH
70308_ID2138_4_BO17_265_S_S110_L001,BO17_265S,eggs,47.61306,9.395358,LC,EU,egg,pe,bbmap,HiC,20-21,1974-1976,pass,EUTROPH
70309_ID2138_5_BO17_268_S_S111_L001,BO17_268S,eggs,47.61306,9.395358,LC,EU,egg,pe,bbmap,HiC,20-21,1974-1976,pass,EUTROPH
70310_ID2138_6_BO17_344_A_S112_L001,BO17_344A,eggs,47.61306,9.395358,LC,EU,egg,pe,bbmap,HiC,27-28,1959-1962,pass,EUTROPH
70311_ID2138_7_BO17_509_S_S113_L001,BO17_509S,eggs,47.61306,9.395358,LC,EU,egg,pe,bbmap,HiC,27-28,1959-1963,pass,EUTROPH
70313_ID2138_9_ZU19_004_S_S115_L001,ZU19_004S,eggs,47.2848064,8.5984594,LZ,EU,egg,pe,bbmap,HiC,,1969-1974,pass,EUTROPH
70314_ID2138_10_ZU19_013_A_S116_L001,ZU19_013A,eggs,47.2848064,8.5984594,LZ,EU,egg,pe,bbmap,HiC,,1974-1979,pass,EUTROPH
70315_ID2138_11_ZU19_030_S_S117_L001,ZU19_030S,eggs,47.2848064,8.5984594,LZ,EU,egg,pe,bbmap,HiC,,1984-1989,pass,EUTROPH
70316_ID2138_12_ZU19_031_A_S118_L001,ZU19_031A,eggs,47.2848064,8.5984594,LZ,EU,egg,pe,bbmap,HiC,,1984-1989,pass,EUTROPH
70317_ID2138_13_ZU19_100_B_S119_L001,ZU19_100B,eggs,47.2848064,8.5984594,LZ,EU,egg,pe,bbmap,HiC,,2004-2009,pass,POST
70318_ID2138_14_ZU19_110_S_S120_L001,ZU19_110S,eggs,47.2848064,8.5984594,LZ,EU,egg,pe,bbmap,HiC,,2004-2009,pass,POST
70320_ID2138_16_ZU19_87_S_S122_L001,ZU19_87S,eggs,47.2848064,8.5984594,LZ,EU,egg,pe,bbmap,HiC,,1924-1929,pass,PRE
70321_ID2138_17_ZU19_90_S_S123_L001,ZU19_90S,eggs,47.2848064,8.5984594,LZ,EU,egg,pe,bbmap,HiC,,1944-1949,pass,PRE
70322_ID2138_18_ZU19_41_A_S124_L001,ZU19_41A,eggs,47.2848064,8.5984594,LZ,EU,egg,pe,bbmap,HiC,,1964-1969,pass,EUTROPH
70324_ID2138_20_BO17_241_S_S56_L001,BO17_241S,eggs,47.61306,9.395358,LC,EU,egg,pe,bbmap,HiC,25-26,1966-1969,pass,EUTROPH
70325_ID2138_21_BO17_252_A_S57_L001,BO17_252A,eggs,47.61307,9.395358,LC,EU,egg,pe,bbmap,HiC,23-24,1971-1972,pass,EUTROPH
70326_ID2138_22_BO17_256_S_S58_L001,BO17_256S,eggs,47.61308,9.395358,LC,EU,egg,pe,bbmap,HiC,22-23,1972-1973,pass,EUTROPH
70327_ID2138_23_BO17_257_S_S59_L001,BO17_257S,eggs,47.61309,9.395358,LC,EU,egg,pe,bbmap,HiC,22-23,1972-1973,pass,EUTROPH
70328_ID2138_24_BO17_282_S_S60_L001,BO17_282S,eggs,47.6131,9.395358,LC,EU,egg,pe,bbmap,HiC,17-18,1984-1987,pass,EUTROPH
70329_ID2138_25_BO17_286_S_S61_L001,BO17_286S,eggs,47.61311,9.395358,LC,EU,egg,pe,bbmap,HiC,16-17,1987,pass,EUTROPH
70330_ID2138_26_BO17_288_S_S62_L001,BO17_288S,eggs,47.61312,9.395358,LC,EU,egg,pe,bbmap,HiC,16-17,1987,pass,EUTROPH
70331_ID2138_27_BO17_315_S_S63_L001,BO17_315S,eggs,47.61313,9.395358,LC,EU,egg,pe,bbmap,HiC,8-9,2002-2003,pass,EUTROPH
70332_ID2138_28_BO17_325_A_S64_L001,BO17_325A,eggs,47.61314,9.395358,LC,EU,egg,pe,bbmap,HiC,5-6,2005,pass,POST
70333_ID2138_29_BO17_344_B_S65_L001,BO17_344B,eggs,47.61315,9.395358,LC,EU,egg,pe,bbmap,HiC,27-28,1959-1962,pass,EUTROPH
70334_ID2138_30_BO17_526_S_S66_L001,BO17_526S,eggs,47.61316,9.395358,LC,EU,egg,pe,bbmap,HiC,23-24,1971-1972,pass,EUTROPH
70335_ID2138_31_BO17_511_S_S67_L001,BO17_511S,eggs,47.61317,9.395358,LC,EU,egg,pe,bbmap,HiC,21-22,1973-1974,pass,EUTROPH
70336_ID2138_32_BO17_510_A_S68_L001,BO17_510A,eggs,47.61318,9.395358,LC,EU,egg,pe,bbmap,HiC,21-22,1973-1974,pass,EUTROPH
70338_ID2138_34_ZU19_001_B_S70_L001,ZU19_001B,eggs,47.2848064,8.5984594,LZ,EU,egg,pe,bbmap,HiC,,1969-1974,pass,EUTROPH
70339_ID2138_35_ZU19_005_A_S71_L001,ZU19_005A,eggs,47.2848064,8.5984594,LZ,EU,egg,pe,bbmap,HiC,,1969-1974,pass,EUTROPH
70341_ID2138_37_ZU19_020_B_S73_L001,ZU19_020B,eggs,47.2848064,8.5984594,LZ,EU,egg,pe,bbmap,HiC,,1979-1984,pass,EUTROPH
70343_ID2138_39_ZU19_035_B_S75_L001,ZU19_035B,eggs,47.2848064,8.5984594,LZ,EU,egg,pe,bbmap,HiC,,1989-1994,pass,EUTROPH
70344_ID2138_40_ZU19_099_S_S76_L001,ZU19_099S,eggs,47.2848064,8.5984594,LZ,EU,egg,pe,bbmap,HiC,,1999-2004,pass,EUTROPH
70345_ID2138_41_ZU19_96_B_S77_L001,ZU19_96B ,eggs,47.2848064,8.5984594,LZ,EU,egg,pe,bbmap,HiC,,2014-2019,pass,POST
70346_ID2138_42_ZU19_101_S_S78_L001,ZU19_101S,eggs,47.2848064,8.5984594,LZ,EU,egg,pe,bbmap,HiC,,1904-1909,pass,PRE
70347_ID2138_43_ZU19_109_S_S79_L001,ZU19_109S,eggs,47.2848064,8.5984594,LZ,EU,egg,pe,bbmap,HiC,,1959-1964,pass,EUTROPH
70348_ID2138_44_ZU19_83_B_S80_L001,ZU19_83B ,eggs,47.2848064,8.5984594,LZ,EU,egg,pe,bbmap,HiC,,1964-1969,pass,EUTROPH
70349_ID2138_45_ZU19_016_B_S81_L001,ZU19_016B,eggs,47.2848064,8.5984594,LZ,EU,egg,pe,bbmap,HiC,,1974-1979,pass,EUTROPH
70350_ID2138_46_ZU19_051_A_S82_L001,ZU19_051A,eggs,47.2848064,8.5984594,LZ,EU,egg,pe,bbmap,HiC,,1974-1979,pass,EUTROPH
70352_ID2138_48_ZU19_061_S_S84_L001,ZU19_061S,eggs,47.2848064,8.5984594,LZ,EU,egg,pe,bbmap,HiC,,1979-1984,pass,EUTROPH
70353_ID2138_49_ZU19_028_S_S85_L001,ZU19_028S,eggs,47.2848064,8.5984594,LZ,EU,egg,pe,bbmap,HiC,,1984-1989,pass,EUTROPH
70354_ID2138_50_ZU19_097_B_S86_L001,ZU19_097B,eggs,47.2848064,8.5984594,LZ,EU,egg,pe,bbmap,HiC,,1999-2004,pass,EUTROPH
70355_ID2138_51_BO21_531_S_S87_L001,BO21_531S,eggs,47.61306,9.395358,LC,EU,egg,pe,bbmap,HiC,,2020-2021,pass,POST
70358_ID2138_54_BO17_240_S_S128_L001,BO17_240S,eggs,47.61306,9.395358,LC,EU,egg,pe,bbmap,HiC,25-26,1966-1969,pass,EUTROPH
70359_ID2138_55_BO17_244_S_S129_L001,BO17_244S,eggs,47.61306,9.395358,LC,EU,egg,pe,bbmap,HiC,25-26,1966-1969,pass,EUTROPH
70360_ID2138_56_BO17_246_S_S130_L001,BO17_246S,eggs,47.61306,9.395358,LC,EU,egg,pe,bbmap,HiC,24-25,1969-1971,pass,EUTROPH
70361_ID2138_57_BO17_248_S_S131_L001,BO17_248S,eggs,47.61306,9.395358,LC,EU,egg,pe,bbmap,HiC,24-25,1969-1971,pass,EUTROPH
70362_ID2138_58_BO17_253_S_S132_L001,BO17_253S,eggs,47.61306,9.395358,LC,EU,egg,pe,bbmap,HiC,23-24,1971-1972,pass,EUTROPH
70363_ID2138_59_BO17_264_S_S133_L001,BO17_264S,eggs,47.61306,9.395358,LC,EU,egg,pe,bbmap,HiC,21-22,1973-1974,pass,EUTROPH
70364_ID2138_60_BO17_270_S_S134_L001,BO17_270S,eggs,47.61306,9.395358,LC,EU,egg,pe,bbmap,HiC,19-20,1976-1980,pass,EUTROPH
70365_ID2138_61_BO17_287_S_S135_L001,BO17_287S,eggs,47.61306,9.395358,LC,EU,egg,pe,bbmap,HiC,16-17,1987,pass,EUTROPH
70366_ID2138_62_BO17_290_S_S136_L001,BO17_290S,eggs,47.61306,9.395358,LC,EU,egg,pe,bbmap,HiC,15-16,1987-1989,pass,EUTROPH
70367_ID2138_63_BO17_292_S_S137_L001,BO17_292S,eggs,47.61306,9.395358,LC,EU,egg,pe,bbmap,HiC,15-16,1987-1989,pass,EUTROPH
70368_ID2138_64_BO17_294_S_S138_L001,BO17_294S,eggs,47.61306,9.395358,LC,EU,egg,pe,bbmap,HiC,15-16,1987-1989,pass,EUTROPH
70370_ID2138_66_BO17_298_S_S140_L001,BO17_298S,eggs,47.61306,9.395358,LC,EU,egg,pe,bbmap,HiC,14-15,1989-1992,pass,EUTROPH
70371_ID2138_67_BO17_301_S_S141_L001,BO17_301S,eggs,47.61306,9.395358,LC,EU,egg,pe,bbmap,HiC,13-14,1992-1994,pass,EUTROPH
70372_ID2138_68_BO17_303_S_S142_L001,BO17_303S,eggs,47.61306,9.395358,LC,EU,egg,pe,bbmap,HiC,12-13,1994-1995,pass,EUTROPH
70373_ID2138_69_BO17_305_S_S143_L001,BO17_305S,eggs,47.61306,9.395358,LC,EU,egg,pe,bbmap,HiC,12-13,1994-1995,pass,EUTROPH
70374_ID2138_70_BO17_306_S_S144_L001,BO17_306S,eggs,47.61306,9.395358,LC,EU,egg,pe,bbmap,HiC,11-12,1995-1996,pass,EUTROPH
70375_ID2138_71_BO17_307_S_S145_L001,BO17_307S,eggs,47.61306,9.395358,LC,EU,egg,pe,bbmap,HiC,11-12,1995-1996,pass,EUTROPH
70376_ID2138_72_BO17_312_S_S146_L001,BO17_312S,eggs,47.61306,9.395358,LC,EU,egg,pe,bbmap,HiC,9-10,1999-2002,pass,EUTROPH
70377_ID2138_73_BO17_316_S_S147_L001,BO17_316S,eggs,47.61306,9.395358,LC,EU,egg,pe,bbmap,HiC,8-9,2002-2003,pass,EUTROPH
70378_ID2138_74_BO17_318_S_S148_L001,BO17_318S,eggs,47.61306,9.395358,LC,EU,egg,pe,bbmap,HiC,7-8,2003-2005,pass,EUTROPH
70379_ID2138_75_BO17_323_S_S149_L001,BO17_323S,eggs,47.61306,9.395358,LC,EU,egg,pe,bbmap,HiC,6-7,2005,pass,POST
70380_ID2138_76_BO17_324_S_S150_L001,BO17_324S,eggs,47.61306,9.395358,LC,EU,egg,pe,bbmap,HiC,5-6,2005,pass,POST
70382_ID2138_78_BO17_342_B_S152_L001,BO17_342B,eggs,47.61306,9.395358,LC,EU,egg,pe,bbmap,HiC,20-21,1974-1976,pass,EUTROPH
70383_ID2138_79_BO17_343_B_S153_L001,BO17_343B,eggs,47.61306,9.395358,LC,EU,egg,pe,bbmap,HiC,20-21,1974-1976,pass,EUTROPH
70384_ID2138_80_BO17_338_B_S154_L001,BO17_338B,eggs,47.61306,9.395358,LC,EU,egg,pe,bbmap,HiC,19-20,1976-1980,pass,EUTROPH
70385_ID2138_81_BO17_348_A_S155_L001,BO17_348A,eggs,47.61306,9.395358,LC,EU,egg,pe,bbmap,HiC,27-28,1959-1962,pass,EUTROPH
70387_ID2138_83_BO17_512_S_S157_L001,BO17_512S,eggs,47.61306,9.395358,LC,EU,egg,pe,bbmap,HiC,21-22,1973-1974,pass,EUTROPH
70390_ID2138_86_BO17_281_S_S160_L001,BO17_281S,eggs,47.61306,9.395358,LC,EU,egg,pe,bbmap,HiC,17-18,1984-1987,pass,EUTROPH
70392_ID2138_88_ZU19_082_S_S162_L001,ZU19_082S,eggs,47.2848064,8.5984594,LZ,EU,egg,pe,bbmap,HiC,,1964-1969,pass,EUTROPH
70393_ID2138_89_ZU19_72_S_S163_L001,ZU19_72S,eggs,47.2848064,8.5984594,LZ,EU,egg,pe,bbmap,HiC,,1899-1904,pass,PRE
70395_ID2138_91_ZU19_91_S_S165_L001,ZU19_91S,eggs,47.2848064,8.5984594,LZ,EU,egg,pe,bbmap,HiC,,1944-1949,pass,PRE
70396_ID2138_92_ZU19_42_S_S166_L001,ZU19_42S,eggs,47.2848064,8.5984594,LZ,EU,egg,pe,bbmap,HiC,,1954-1959,pass,PRE
70398_ID2138_94_ZU19_006_S_S168_L001,ZU19_006S,eggs,47.2848064,8.5984594,LZ,EU,egg,pe,bbmap,HiC,,1969-1974,pass,EUTROPH
70399_ID2138_95_ZU19_007_S_S169_L001,ZU19_007S,eggs,47.2848064,8.5984594,LZ,EU,egg,pe,bbmap,HiC,,1969-1974,pass,EUTROPH
70400_ID2138_96_ZU19_044_B_S170_L001,ZU19_044B,eggs,47.2848064,8.5984594,LZ,EU,egg,pe,bbmap,HiC,,2009-2014,pass,POST
70401_ID2138_97_ZU19_096_A_S171_L001,ZU19_096A,eggs,47.2848064,8.5984594,LZ,EU,egg,pe,bbmap,HiC,,2014-2019,pass,POST
70402_ID2138_98_BO21_532_S_S172_L001,BO21_532S,eggs,47.61306,9.395358,LC,EU,egg,pe,bbmap,HiC,,2019,pass,POST
70403_ID2138_99_BO17_249_S_S173_L001,BO17_249S,eggs,47.61306,9.395358,LC,EU,egg,pe,bbmap,HiC,24-25,1969-1971,pass,EUTROPH
70404_ID2138_100_BO17_260_S_S174_L001,BO17_260S,eggs,47.61306,9.395358,LC,EU,egg,pe,bbmap,HiC,21-22,1973-1974,pass,EUTROPH
70405_ID2138_101_BO17_266_S_S175_L001,BO17_266S,eggs,47.61306,9.395358,LC,EU,egg,pe,bbmap,HiC,20-21,1974-1976,pass,EUTROPH
70406_ID2138_102_BO17_273_S_S176_L001,BO17_273S,eggs,47.61306,9.395358,LC,EU,egg,pe,bbmap,HiC,19-20,1976-1980,pass,EUTROPH
70407_ID2138_103_BO17_276_S_S177_L001,BO17_276S,eggs,47.61306,9.395358,LC,EU,egg,pe,bbmap,HiC,18-19,1980-1984,pass,EUTROPH
70408_ID2138_104_BO17_277_S_S178_L001,BO17_277S,eggs,47.61306,9.395358,LC,EU,egg,pe,bbmap,HiC,18-19,1980-1984,pass,EUTROPH
70409_ID2138_105_BO17_279_S_S179_L001,BO17_279S,eggs,47.61306,9.395358,LC,EU,egg,pe,bbmap,HiC,18-19,1980-1984,pass,EUTROPH
70410_ID2138_106_BO17_283_S_S180_L001,BO17_283S,eggs,47.61306,9.395358,LC,EU,egg,pe,bbmap,HiC,17-18,1984-1987,pass,EUTROPH
70411_ID2138_107_BO17_284_S_S181_L001,BO17_284S,eggs,47.61306,9.395358,LC,EU,egg,pe,bbmap,HiC,17-18,1984-1987,pass,EUTROPH
70412_ID2138_108_BO17_297_S_S182_L001,BO17_297S,eggs,47.61306,9.395358,LC,EU,egg,pe,bbmap,HiC,14-15,1989-1992,pass,EUTROPH
70413_ID2138_109_BO17_300_S_S183_L001,BO17_300S,eggs,47.61306,9.395358,LC,EU,egg,pe,bbmap,HiC,13-14,1992-1994,pass,EUTROPH
70414_ID2138_110_BO17_304_S_S184_L001,BO17_304S,eggs,47.61306,9.395358,LC,EU,egg,pe,bbmap,HiC,12-13,1994-1995,pass,EUTROPH
70415_ID2138_111_BO17_317_S_S185_L001,BO17_317S,eggs,47.61306,9.395358,LC,EU,egg,pe,bbmap,HiC,8-9,2002-2003,pass,EUTROPH
70416_ID2138_112_BO17_321_S_S186_L001,BO17_321S,eggs,47.61306,9.395358,LC,EU,egg,pe,bbmap,HiC,6-7,2005,pass,POST
70417_ID2138_113_BO17_262_S_S187_L001,BO17_262S,eggs,47.61306,9.395358,LC,EU,egg,pe,bbmap,HiC,21-22,1973-1974,pass,EUTROPH
70420_ID2138_116_ZU19_92_B_S190_L001,ZU19_92B,eggs,47.2848064,8.5984594,LZ,EU,egg,pe,bbmap,HiC,,1944-1949,pass,PRE
70421_ID2138_117_ZU19_046_B_S191_L001,ZU19_046B,eggs,47.2848064,8.5984594,LZ,EU,egg,pe,bbmap,HiC,,2009-2014,pass,POST
70422_ID2138_118_BO17_272_S_S43_L001,BO17_272S,eggs,47.61306,9.395358,LC,EU,egg,pe,bbmap,HiC,19-20,1976-1980,pass,EUTROPH
70423_ID2138_119_BO17_308_S_S44_L001,BO17_308S,eggs,47.61306,9.395358,LC,EU,egg,pe,bbmap,HiC,11-12,1995-1996,pass,EUTROPH
70424_ID2138_120_BO17_319_S_S45_L001,BO17_319S,eggs,47.61306,9.395358,LC,EU,egg,pe,bbmap,HiC,7-8,2003-2005,pass,EUTROPH
70425_ID2138_121_BO17_320_S_S46_L001,BO17_320S,eggs,47.61306,9.395358,LC,EU,egg,pe,bbmap,HiC,7-8,2003-2005,pass,EUTROPH
70426_ID2138_122_BO17_280_S_S47_L001,BO17_280S,eggs,47.61306,9.395358,LC,EU,egg,pe,bbmap,HiC,17-18,1984-1987,pass,EUTROPH
70427_ID2138_123_BO17_336_S_S48_L001,BO17_336S,eggs,47.61306,9.395358,LC,EU,egg,pe,bbmap,HiC,13-14,1992-1994,pass,EUTROPH
70428_ID2138_124_BO17_332_A_S49_L001,BO17_332A,eggs,47.61306,9.395358,LC,EU,egg,pe,bbmap,HiC,10-11,1996-1999,pass,EUTROPH
70429_ID2138_125_BO17_333_S_S50_L001,BO17_333S,eggs,47.61306,9.395358,LC,EU,egg,pe,bbmap,HiC,10-11,1996-1999,pass,EUTROPH
70430_ID2138_126_BO17_334_S_S51_L001,BO17_334S,eggs,47.61306,9.395358,LC,EU,egg,pe,bbmap,HiC,10-11,1996-1999,pass,EUTROPH
93090_ID2632_1-200B_S27_L003,VAR17_200B,eggs,45.8308,8.7166,VAR,EU,egg,pe,bbmap,HiC,,,,
93091_ID2632_2-203A_S28_L003,VAR17_203A,eggs,45.8308,8.7166,VAR,EU,egg,pe,bbmap,HiC,,,,
93092_ID2632_3-205S_S29_L003,VAR17_205S,eggs,45.8308,8.7166,VAR,EU,egg,pe,bbmap,HiC,,,,
93093_ID2632_4-221S_S30_L003,VAR17_221S,eggs,45.8308,8.7166,VAR,EU,egg,pe,bbmap,HiC,,,,
93094_ID2632_5-298S_S31_L003,VAR17_298S,eggs,45.8308,8.7166,VAR,EU,egg,pe,bbmap,HiC,,,,
93095_ID2632_6-91S_S32_L003,VAR17_91S,eggs,45.8308,8.7166,VAR,EU,egg,pe,bbmap,HiC,,,,
93096_ID2632_7-87S_S33_L003,VAR17_87S,eggs,45.8308,8.7166,VAR,EU,egg,pe,bbmap,HiC,,,,
93097_ID2632_8-89S_S34_L003,VAR17_89S,eggs,45.8308,8.7166,VAR,EU,egg,pe,bbmap,HiC,,,,
93098_ID2632_9-134S_S35_L003,VAR17_134S,eggs,45.8308,8.7166,VAR,EU,egg,pe,bbmap,HiC,,,,
93099_ID2632_10-130S_S36_L003,VAR17_130S,eggs,45.8308,8.7166,VAR,EU,egg,pe,bbmap,HiC,,,,
93100_ID2632_11-14B_S37_L003,VAR17_14B,eggs,45.8308,8.7166,VAR,EU,egg,pe,bbmap,HiC,,,,
93101_ID2632_12-252S_S38_L003,VAR17_252S,eggs,45.8308,8.7166,VAR,EU,egg,pe,bbmap,HiC,,,,
93102_ID2632_13-270B_S39_L003,VAR17_270B,eggs,45.8308,8.7166,VAR,EU,egg,pe,bbmap,HiC,,,,
93103_ID2632_14-323S_S40_L003,VAR17_323S,eggs,45.8308,8.7166,VAR,EU,egg,pe,bbmap,HiC,,,,
93104_ID2632_15-327S_S41_L003,VAR17_327S,eggs,45.8308,8.7166,VAR,EU,egg,pe,bbmap,HiC,,,,
93105_ID2632_16-344S_S42_L003,VAR17_344S,eggs,45.8308,8.7166,VAR,EU,egg,pe,bbmap,HiC,,,,
93106_ID2632_17-352S_S43_L003,VAR17_352S,eggs,45.8308,8.7166,VAR,EU,egg,pe,bbmap,HiC,,,,
93107_ID2632_18-363S_S44_L003,VAR17_363S,eggs,45.8308,8.7166,VAR,EU,egg,pe,bbmap,HiC,,,,
93108_ID2632_19-383B_S45_L003,ANN17_383B,eggs,45.8523,6.1809,ANN,EU,egg,pe,bbmap,HiC,,,,
93109_ID2632_20-401S_S46_L003,ANN17_401S,eggs,45.8523,6.1809,ANN,EU,egg,pe,bbmap,HiC,,,,
93110_ID2632_21-108S_S47_L003,VAR17_108S,eggs,45.8308,8.7166,VAR,EU,egg,pe,bbmap,HiC,,,,
93111_ID2632_25-13S_S48_L003,VAR17_13S,eggs,45.8308,8.7166,VAR,EU,egg,pe,bbmap,HiC,,,,
93112_ID2632_26-171S_S49_L003,VAR17_171S,eggs,45.8308,8.7166,VAR,EU,egg,pe,bbmap,HiC,,,,
93113_ID2632_27-172S_S50_L003,VAR17_172S,eggs,45.8308,8.7166,VAR,EU,egg,pe,bbmap,HiC,,,,
93114_ID2632_28-177B_S51_L003,VAR17_177B,eggs,45.8308,8.7166,VAR,EU,egg,pe,bbmap,HiC,,,,
93115_ID2632_29-57S_S52_L003,VAR17_57S,eggs,45.8308,8.7166,VAR,EU,egg,pe,bbmap,HiC,,,,
93116_ID2632_30-95S_S53_L003,VAR17_95S,eggs,45.8308,8.7166,VAR,EU,egg,pe,bbmap,HiC,,,,
93117_ID2632_31-187S_S54_L003,VAR17_187S,eggs,45.8308,8.7166,VAR,EU,egg,pe,bbmap,HiC,,,,
93118_ID2632_32-84S_S55_L003,VAR17_84S,eggs,45.8308,8.7166,VAR,EU,egg,pe,bbmap,HiC,,,,
93119_ID2632_33-28S_S56_L003,VAR17_28S,eggs,45.8308,8.7166,VAR,EU,egg,pe,bbmap,HiC,,,,
93120_ID2632_34-34S_S57_L003,VAR17_34S,eggs,45.8308,8.7166,VAR,EU,egg,pe,bbmap,HiC,,,,
93121_ID2632_35-104S_S58_L003,VAR17_104S,eggs,45.8308,8.7166,VAR,EU,egg,pe,bbmap,HiC,,,,
93122_ID2632_36-59S_S59_L003,VAR17_59S,eggs,45.8308,8.7166,VAR,EU,egg,pe,bbmap,HiC,,,,
93123_ID2632_37-198S_S60_L003,VAR17_198S,eggs,45.8308,8.7166,VAR,EU,egg,pe,bbmap,HiC,,,,
93124_ID2632_38-230S_S61_L003,VAR17_230S,eggs,45.8308,8.7166,VAR,EU,egg,pe,bbmap,HiC,,,,
93125_ID2632_39-256S_S62_L003,VAR17_256S,eggs,45.8308,8.7166,VAR,EU,egg,pe,bbmap,HiC,,,,
93126_ID2632_40-105B_S63_L003,VAR17_105B,eggs,45.8308,8.7166,VAR,EU,egg,pe,bbmap,HiC,,,,
93127_ID2632_41-279S_S64_L003,VAR17_279S,eggs,45.8308,8.7166,VAR,EU,egg,pe,bbmap,HiC,,,,
93128_ID2632_42-362S_S65_L003,VAR17_362S,eggs,45.8308,8.7166,VAR,EU,egg,pe,bbmap,HiC,,,,
93129_ID2632_43-379B_S66_L003,VAR17_379B,eggs,45.8308,8.7166,VAR,EU,egg,pe,bbmap,HiC,,,,
93130_ID2632_44-102S_S67_L003,VAR17_102S,eggs,45.8308,8.7166,VAR,EU,egg,pe,bbmap,HiC,,,,
93131_ID2632_46-10S_S68_L003,VAR17_10S,eggs,45.8308,8.7166,VAR,EU,egg,pe,bbmap,HiC,,,,
93132_ID2632_47-44S_S69_L003,VAR17_44S,eggs,45.8308,8.7166,VAR,EU,egg,pe,bbmap,HiC,,,,
93133_ID2632_48-169A_S70_L003,VAR17_169A,eggs,45.8308,8.7166,VAR,EU,egg,pe,bbmap,HiC,,,,
93134_ID2632_49-170S_S71_L003,VAR17_170S,eggs,45.8308,8.7166,VAR,EU,egg,pe,bbmap,HiC,,,,
93135_ID2632_50-174S_S72_L003,VAR17_174S,eggs,45.8308,8.7166,VAR,EU,egg,pe,bbmap,HiC,,,,
93136_ID2632_51-176S_S73_L003,VAR17_176S,eggs,45.8308,8.7166,VAR,EU,egg,pe,bbmap,HiC,,,,
93137_ID2632_52-178B_S74_L003,VAR17_178B,eggs,45.8308,8.7166,VAR,EU,egg,pe,bbmap,HiC,,,,
93138_ID2632_53-93S_S75_L003,VAR17_93S,eggs,45.8308,8.7166,VAR,EU,egg,pe,bbmap,HiC,,,,
93139_ID2632_54-47B_S76_L003,VAR17_47B,eggs,45.8308,8.7166,VAR,EU,egg,pe,bbmap,HiC,,,,
93140_ID2632_55-48B_S77_L003,VAR17_48B,eggs,45.8308,8.7166,VAR,EU,egg,pe,bbmap,HiC,,,,
93141_ID2632_56-49B_S78_L003,VAR17_49B,eggs,45.8308,8.7166,VAR,EU,egg,pe,bbmap,HiC,,,,
93142_ID2632_57-62S_S79_L003,VAR17_62S,eggs,45.8308,8.7166,VAR,EU,egg,pe,bbmap,HiC,,,,
93143_ID2632_58-72S_S80_L003,VAR17_72S,eggs,45.8308,8.7166,VAR,EU,egg,pe,bbmap,HiC,,,,
93144_ID2632_59-9B_S81_L003,VAR17_9B,eggs,45.8308,8.7166,VAR,EU,egg,pe,bbmap,HiC,,,,
93145_ID2632_60-52A_S82_L003,VAR17_52A,eggs,45.8308,8.7166,VAR,EU,egg,pe,bbmap,HiC,,,,
93146_ID2632_61-157A_S83_L003,VAR17_157A,eggs,45.8308,8.7166,VAR,EU,egg,pe,bbmap,HiC,,,,
93147_ID2632_62-166S_S84_L003,VAR17_166S,eggs,45.8308,8.7166,VAR,EU,egg,pe,bbmap,HiC,,,,
93148_ID2632_63-45A_S85_L003,VAR17_45A,eggs,45.8308,8.7166,VAR,EU,egg,pe,bbmap,HiC,,,,
93149_ID2632_64-257S_S86_L003,VAR17_257S,eggs,45.8308,8.7166,VAR,EU,egg,pe,bbmap,HiC,,,,
93150_ID2632_65-335S_S87_L003,VAR17_335S,eggs,45.8308,8.7166,VAR,EU,egg,pe,bbmap,HiC,,,,
93151_ID2632_66-395B_S88_L003,ANN17_395B,eggs,45.8523,6.1809,ANN,EU,egg,pe,bbmap,HiC,,,,
93152_ID2632_67-400S_S89_L003,ANN17_400S,eggs,45.8523,6.1809,ANN,EU,egg,pe,bbmap,HiC,,,,
93153_ID2632_68-109A_S90_L003,VAR17_109A,eggs,45.8308,8.7166,VAR,EU,egg,pe,bbmap,HiC,,,,
93154_ID2632_69-41S_S91_L003,VAR17_41S,eggs,45.8308,8.7166,VAR,EU,egg,pe,bbmap,HiC,,,,
93155_ID2632_70-42S_S92_L003,VAR17_42S,eggs,45.8308,8.7166,VAR,EU,egg,pe,bbmap,HiC,,,,
93156_ID2632_71-43B_S93_L003,VAR17_43B,eggs,45.8308,8.7166,VAR,EU,egg,pe,bbmap,HiC,,,,
93157_ID2632_72-146S_S94_L003,VAR17_146S,eggs,45.8308,8.7166,VAR,EU,egg,pe,bbmap,HiC,,,,
93158_ID2632_73-147S_S95_L003,VAR17_147S,eggs,45.8308,8.7166,VAR,EU,egg,pe,bbmap,HiC,,,,
93159_ID2632_74-148B_S96_L003,VAR17_148B,eggs,45.8308,8.7166,VAR,EU,egg,pe,bbmap,HiC,,,,
93160_ID2632_75-149S_S97_L003,VAR17_149S,eggs,45.8308,8.7166,VAR,EU,egg,pe,bbmap,HiC,,,,
93161_ID2632_76-92S_S98_L003,VAR17_92S,eggs,45.8308,8.7166,VAR,EU,egg,pe,bbmap,HiC,,,,
93162_ID2632_77-180S_S99_L003,VAR17_180S,eggs,45.8308,8.7166,VAR,EU,egg,pe,bbmap,HiC,,,,
93163_ID2632_78-111S_S100_L003,VAR17_111S,eggs,45.8308,8.7166,VAR,EU,egg,pe,bbmap,HiC,,,,
93164_ID2632_79-139S_S101_L003,VAR17_139S,eggs,45.8308,8.7166,VAR,EU,egg,pe,bbmap,HiC,,,,
93165_ID2632_80-75S_S102_L003,VAR17_75S,eggs,45.8308,8.7166,VAR,EU,egg,pe,bbmap,HiC,,,,
93166_ID2632_81-112B_S103_L003,VAR17_112B,eggs,45.8308,8.7166,VAR,EU,egg,pe,bbmap,HiC,,,,
93167_ID2632_82-71S_S104_L003,VAR17_71S,eggs,45.8308,8.7166,VAR,EU,egg,pe,bbmap,HiC,,,,
93168_ID2632_83-106S_S105_L003,VAR17_106S,eggs,45.8308,8.7166,VAR,EU,egg,pe,bbmap,HiC,,,,
93169_ID2632_84-385A_S106_L003,ANN17_385A,eggs,45.8523,6.1809,ANN,EU,egg,pe,bbmap,HiC,,,,
93170_ID2632_22-384S_S107_L003,ANN17_384S,eggs,45.8523,6.1809,ANN,EU,egg,pe,bbmap,HiC,,,,
93171_ID2632_23-393S_S108_L003,ANN17_393S,eggs,45.8523,6.1809,ANN,EU,egg,pe,bbmap,HiC,,,,
93172_ID2632_24-206A_S109_L003,VAR17_206A,eggs,45.8308,8.7166,VAR,EU,egg,pe,bbmap,HiC,,,,
93173_ID2632_45-413A_S110_L003,ANN17_413A,eggs,45.8523,6.1809,ANN,EU,egg,pe,bbmap,HiC,,,,
ALG1.bb.HiC,ALG1,zschokkei,46.400133,8.056661,Pond_Aletschgletscher,EU,clone,pe,bbmap,HiC,,,pass,REF
AMM66.bb.HiC,AMM66,galeata,48.0022,11.1174,Ammersee,EU,clone,pe,bbmap,HiC,,,pass,REF
Berse.bb.HiC,Berse,lacustris,58.3269,82.27,Lake Berse,EU,clone,pe,bbmap,HiC,,,pass,REF
BIEL4.bb.HiC,BIEL4,cucullata,47.080883,7.168551,Bielersee,EU,clone,pe,bbmap,HiC,,,pass,REF
BIEL6.bb.HiC,BIEL6,cucullata,47.080883,7.168551,Bielersee,EU,clone,pe,bbmap,HiC,,,pass,REF
BIEL8.bb.HiC,BIEL8,cucullata,47.080883,7.168551,Bielersee,EU,clone,pe,bbmap,HiC,,,pass,REF
BODO1808.bb.HiC,BODO1808,longispina,47.61306,9.395358,LC,EU,clone,pe,bbmap,HiC,,,pass,REF
BRT4.bb.HiC,BRT4,cucullata,49.122039,9.383044,Breitenauer See,EU,clone,pe,bbmap,HiC,,,pass,REF
BRZ15.bb.HiC,BRZ15,longispina,46.725078,7.963853,Brienzersee,EU,clone,pe,bbmap,HiC,,,pass,REF
BRZ28.bb.HiC,BRZ28,longispina,46.725078,7.963853,Brienzersee,EU,clone,pe,bbmap,HiC,,,pass,REF
BRZ7.bb.HiC,BRZ7,longispina,46.725078,7.963853,Brienzersee,EU,clone,pe,bbmap,HiC,,,pass,REF
CUC33.bb.HiC,CUC33,cucullata,52.888358,5.80008,Tjeukemeer,EU,clone,pe,bbmap,HiC,,,pass,REF
ENDI44.bb.HiC,ENDI44,galeata,45.778534,9.939591,Lago_di_Endine,EU,clone,pe,bbmap,HiC,,,pass,REF
Eva11.bb.HiC,Eva11,cucullata,50.166667,14.816667,Pond_Prerov_nad_Labem,EU,clone,pe,bbmap,HiC,,,pass,REF
Eva13.bb.HiC,Eva13,cucullata,50.166667,14.816667,Pond_Prerov_nad_Labem,EU,clone,pe,bbmap,HiC,,,pass,REF
Eva15.bb.HiC,Eva15,cucullata,50.166667,14.816667,Pond_Prerov_nad_Labem,EU,clone,pe,bbmap,HiC,,,pass,REF
F3J_1.bb.HiC,F3J_1,umbra,60.451058,7.794261,Pond_Fagerheim,EU,clone,pe,bbmap,HiC,,,pass,REF
F3J_2.bb.HiC,F3J_2,umbra,60.451058,7.794261,Pond_Fagerheim,EU,clone,pe,bbmap,HiC,,,pass,REF
FP2_2.bb.HiC,FP2_2,umbra,60.4534,7.7919,Pond_Fagerheim,EU,clone,pe,bbmap,HiC,,,pass,REF
FP2_3.bb.HiC,FP2_3,umbra,60.4534,7.7919,Pond_Fagerheim,EU,clone,pe,bbmap,HiC,,,pass,REF
FP2_4.bb.HiC,FP2_4,umbra,60.4534,7.7919,Pond_Fagerheim,EU,clone,pe,bbmap,HiC,,,pass,REF
G100.bb.HiC,G100,galeata,52.888358,5.80008,Tjeukemeer,EU,clone,pe,bbmap,HiC,,,pass,REF
GAR2.bb.HiC,GAR2,longispina,45.819783,9.406021,Lago_di_Garlate,EU,clone,pe,bbmap,HiC,,,pass,REF
GAR24.bb.HiC,GAR24,galeata,45.819783,9.406021,Lago_di_Garlate,EU,clone,pe,bbmap,HiC,,,pass,REF
GAR3.bb.HiC,GAR3,longispina,45.819783,9.406021,Lago_di_Garlate,EU,clone,pe,bbmap,HiC,,,pass,REF
GAR7.bb.HiC,GAR7,longispina,45.819783,9.406021,Lago_di_Garlate,EU,clone,pe,bbmap,HiC,,,pass,REF
GF1a.bb.HiC,GF1a,galeata,52.888358,5.80008,Greifensee,EU,clone,pe,bbmap,HiC,,,pass,REF
GPlsp1a.bb.HiC,GPlsp1a,zschokkei,45.502203,7.146726,Lake_Trebecchi_inferiore,EU,clone,pe,bbmap,HiC,,,pass,REF
H7long.bb.HiC,H7long,longispina,47.61306,9.395358,LC,EU,clone,pe,bbmap,HiC,,,pass,REF
ISEO86.bb.HiC,ISEO86,galeata,45.722611,10.071714,Lago_di_Iseo,EU,clone,pe,bbmap,HiC,,,pass,REF
KOC3.bb.HiC,KOC3,galeata,45.648061,14.87084,Rudni≈°ko_jezero,EU,clone,pe,bbmap,HiC,,,pass,REF
LCH9.bb.HiC,LCH9,longispina,47.558056,8.861944,Pond_Frauenfeld,EU,clone,pe,bbmap,HiC,,,pass,REF
LLC2.bb.HiC,LLC2,longispina,47.716647,9.034586,LC,EU,clone,pe,bbmap,HiC,,,pass,REF
MAGG229.bb.HiC,MAGG229,longispina,45.905927,8.567174,Lago_di_Maggiore,EU,clone,pe,bbmap,HiC,,,pass,REF
Magg230.bb.HiC,MAGG230,longispina,45.905927,8.567174,Lago_di_Maggiore,EU,clone,pe,bbmap,HiC,,,pass,REF
MikolaskjeIsofB.bb.HiC,MikolaskjeIsofB,cucullata,53.772682,21.603563,Pond_Prerov_nad_Labem,EU,clone,pe,bbmap,HiC,,,pass,REF
MS1.bb.HiC,MS1,longispina,47.8221,13.3804,Mondsee,EU,clone,pe,bbmap,HiC,,,pass,REF
MS2.bb.HiC,MS2,longispina,47.8221,13.3804,Mondsee,EU,clone,pe,bbmap,HiC,,,pass,REF
NEUE0208.bb.HiC,NEUE0208,longispina,46.918878,6.874495,Neuenburger_See,EU,clone,pe,bbmap,HiC,,,pass,REF
O10.bb.HiC,O10,umbra,61.1786,8.1651,Otrovatnet,EU,clone,pe,bbmap,HiC,,,pass,REF
O11.bb.HiC,O11,umbra,61.1786,8.1651,Otrovatnet,EU,clone,pe,bbmap,HiC,,,pass,REF
O12.bb.HiC,O12,umbra,61.1786,8.1651,Otrovatnet,EU,clone,pe,bbmap,HiC,,,pass,REF
O13.bb.HiC,O13,umbra,61.1786,8.1651,Otrovatnet,EU,clone,pe,bbmap,HiC,,,pass,REF
SARN0508.bb.HiC,SARN0508,longispina,46.868027,8.218006,Sarnersee,EU,clone,pe,bbmap,HiC,,,pass,REF
SEGR196.bb.HiC,SEGR196,galeata,45.82955,9.26612,Lago_del_Segrino,EU,clone,pe,bbmap,HiC,,,pass,REF
SIHL4.bb.HiC,Sihl4,cucullata,47.116476,8.789038,Sihlsee,EU,clone,pe,bbmap,HiC,,,pass,REF
Sihl7.bb.HiC,Sihl7,cucullata,47.116476,8.789038,Sihlsee,EU,clone,pe,bbmap,HiC,,,pass,REF
Sihl8.bb.HiC,Sihl8,cucullata,47.116476,8.789038,Sihlsee,EU,clone,pe,bbmap,HiC,,,pass,REF
Tc3.bb.HiC,Tc3,cucullata,47.904793,12.338272,Thaler_See,EU,clone,pe,bbmap,HiC,,,pass,REF
TJ210181.bb.HiC,TJ210181,zschokkei,46.9005,11098,Timmelsjoch_Pond2,EU,clone,pe,bbmap,HiC,,,pass,REF
TJ319102.bb.HiC,TJ319102,zschokkei,46.8979,11.0979,Timmelsjoch_Pond3,EU,clone,pe,bbmap,HiC,,,pass,REF
TS64.bb.HiC,Ts64,cucullata,47.904793,12.338272,Thaler_See,EU,clone,pe,bbmap,HiC,,,pass,REF
TsBr.bb.HiC,TsBr,cucullata,47.904793,12.338272,Thaler_See,EU,clone,pe,bbmap,HiC,,,pass,REF
ULCC2.bb.HiC,ULCC2,cucullata,47.5995,9.4316,LC,EU,clone,pe,bbmap,HiC,,,pass,REF
ULCN22.bb.HiC,ULCN22,galeata,9.393278,395.33,Upper Lake Constance,EU,clone,pe,bbmap,HiC,,,pass,REF
VARE249.bb.HiC,VARE249,galeata,45.8142,8.7361,Lago di Varese,EU,clone,pe,bbmap,HiC,,,pass,REF
WALE0408.bb.HiC,WALE0408,longispina,47.122243,9.202064,Walensee,EU,clone,pe,bbmap,HiC,,,pass,REF
WALE0608.bb.HiC,WALE0608,longispina,47.122243,9.202064,Walensee,EU,clone,pe,bbmap,HiC,,,pass,REF
ZPE101.bb.HiC,ZPE101,zschokkei,45.871964,7.170308,Pond_Great_St._Bernard_pass,EU,clone,pe,bbmap,HiC,,,pass,REF
ZUGE2108.bb.HiC,ZUGE2108,galeata,47.1313,8.4868,Zugersee,EU,clone,pe,bbmap,HiC,,,pass,REF
ZUGE2908.bb.HiC,ZUGE2908,galeata,47.1313,8.4868,Zugersee,EU,clone,pe,bbmap,HiC,,,pass,REF
GRE1408.bb.HiC,GRE1408,galeata,47.3516,8.6782,Greifensee,EU,clone,pe,bbmap,HiC,,,pass,REF
A1.bb.HiC,A1,curvirostris,50.166667,14.816667,Pond_Prerov_nad_Labem,EU,clone,pe,bbmap,HiC,,,pass,REF
CHH6.bb.HiC,CHH6,curvirostris,47.558056,8.861944,Frauenfeld,EU,clone,pe,bbmap,HiC,,,pass,REF
E48.bb.HiC,E48,curvirostris,50.437778,14.471944,Tupadly_Kokorinsko,EU,clone,pe,bbmap,HiC,,,pass,REF
S37101.bb.HiC,S37101,curvirostris,50.4378,14.4719,Pond_Kokorinsko,EU,clone,pe,bbmap,HiC,,,pass,REF
S37103.bb.HiC,S37103,curvirostris,50.4378,14.4719,Pond_Kokorinsko,EU,clone,pe,bbmap,HiC,,,pass,REF
S3R21.bb.HiC,S3R21,curvirostris,50.166667,14.816667,Pond_Prerov_nad_Labem,EU,clone,pe,bbmap,HiC,,,pass,REF
S63.bb.HiC,S63,curvirostris,50.166667,14.816667,Pond_Prerov_nad_Labem,EU,clone,pe,bbmap,HiC,,,pass,REF
Siegen.bb.HiC,SIEGEN,curvirostris,50.887631,8.017752,Siegen,EU,clone,pe,bbmap,HiC,,,pass,REF
